Workbook

Sheet README
A1: Buyer Ranking — how the score is calculated
A2: Sterling Styles · Buyer KPI 01 Jan 2026 - 24 Oct 2026 · source: Buyer wise average CM &earned report-2026 on 25-Oct-25.xlsx (sheet 2026, daily line-day rows)
A4: Step | B4: What happens
A5: Step 1 · Data | B5: Every row of the daily line report = 1 line-day (one sewing line, one day, one style). Earned $ = Pieces × CM/pc. SMV minutes = Pieces × SMV.
A6: Step 2 · Buyer totals | B6: Add up each buyer: line-days, pieces, earned $, SMV minutes; average efficiency and DHU of its line-days; average run length (consecutive days a style stays on one line).
A7: Step 3 · Six measures | B7: Yield = Earned ÷ Line-days · Value share = Buyer earned ÷ Factory earned · Price = Earned ÷ SMV minutes (CM $ per SMV minute) · Efficiency · Quality (DHU) · Run stability (days).
A8: Step 4 · Score each measure (0–100) | B8: Score = MIN(100, Actual ÷ Standard × 100). Quality is reversed (lower DHU is better): MIN(100, Standard DHU ÷ Actual DHU × 100). Meeting the standard = 100; nobody gets more than 100.
A9: Step 5 · Weighted total | B9: Total = Benchmark 30% + Value 20% + Price 20% + Efficiency 15% + Quality 10% + Run 5% (weights add to 100%, so the total is also 0–100).
A10: Step 6 · Grade | B10: A ≥ 85 · B 75–84.9 · C 65–74.9 · D < 65.
A11: Step 7 · Rank | B11: Only buyers with 40+ line-days are RANKED (fewer = TRIAL, listed but not ranked). Rank 1 = highest total score. 'Move' = revenue rank − score rank (positive = the buyer ranks higher on quality of money than on size).
A12: Where to change | B12: Yellow cells on the INPUTS tab (standards, weights, grade bands, trial line-days). SCORE BREAKDOWN and WORKED EXAMPLE recalculate. BUYER DATA holds the buyer totals from the source file.

Sheet RANKING FORMULA
A1: Ranking formula — every step, Excel formula and live TARGET example
A2: Same formulas as the RANKING tab of your Buyer KPI pack (cell references shown). Example column recalculates from SCORE BREAKDOWN.
A4: Step | B4: Formula (plain) | C4: Excel formula in your KPI pack | D4: Where (your pack) | E4: TARGET now
A5: Yield $/line-day | B5: Earned $ ÷ Line-days | C5: =Earned/LineDays | D5: 'BUYER KPI'!J (orig) · SCORE BREAKDOWN!C | E5: =INDEX('SCORE BREAKDOWN'!$C$5:$C$29,MATCH("TARGET",'SCORE BREAKDOWN'!$A$5:$A$29,0)) -> 2198.6183
A6: Value share | B6: Buyer earned ÷ Factory earned | C6: =Earned/FactoryEarned | D6: 'BUYER KPI'!I · SCORE BREAKDOWN!D | E6: =INDEX('SCORE BREAKDOWN'!$D$5:$D$29,MATCH("TARGET",'SCORE BREAKDOWN'!$A$5:$A$29,0)) -> 0.056933585
A7: Price | B7: Earned $ ÷ (Pieces × SMV) | C7: =Earned/SMVminutes | D7: 'BUYER KPI'!N · SCORE BREAKDOWN!E | E7: =INDEX('SCORE BREAKDOWN'!$E$5:$E$29,MATCH("TARGET",'SCORE BREAKDOWN'!$A$5:$A$29,0)) -> 0.075788232
A8: Benchmark score | B8: MIN(100, Yield ÷ 2,500 × 100) | C8: =MIN(100,G11/$A$6*100) | D8: RANKING!O11 | E8: =INDEX('SCORE BREAKDOWN'!$I$5:$I$29,MATCH("TARGET",'SCORE BREAKDOWN'!$A$5:$A$29,0)) -> 87.944731
A9: Value score | B9: MIN(100, Share ÷ 10% × 100) | C9: =MIN(100,'BUYER KPI'!I5/$C$6*100) | D9: RANKING!P11 | E9: =INDEX('SCORE BREAKDOWN'!$J$5:$J$29,MATCH("TARGET",'SCORE BREAKDOWN'!$A$5:$A$29,0)) -> 56.933585
A10: Price score | B10: MIN(100, Rate ÷ 0.0843 × 100) | C10: =MIN(100,I11/$E$6*100) | D10: RANKING!Q11 | E10: =INDEX('SCORE BREAKDOWN'!$K$5:$K$29,MATCH("TARGET",'SCORE BREAKDOWN'!$A$5:$A$29,0)) -> 89.903004
A11: Efficiency score | B11: MIN(100, Eff ÷ 80% × 100) | C11: =MIN(100,L11/$G$6*100) | D11: RANKING!R11 | E11: =INDEX('SCORE BREAKDOWN'!$L$5:$L$29,MATCH("TARGET",'SCORE BREAKDOWN'!$A$5:$A$29,0)) -> 83.449917
A12: Quality score | B12: MIN(100, 10% ÷ DHU × 100) | C12: =IFERROR(MIN(100,$I$6/M11*100),100) | D12: RANKING!S11 | E12: =INDEX('SCORE BREAKDOWN'!$M$5:$M$29,MATCH("TARGET",'SCORE BREAKDOWN'!$A$5:$A$29,0)) -> 85.544506
A13: Run score | B13: MIN(100, Run ÷ 10 × 100) | C13: =MIN(100,N11/$K$6*100) | D13: RANKING!T11 | E13: =INDEX('SCORE BREAKDOWN'!$N$5:$N$29,MATCH("TARGET",'SCORE BREAKDOWN'!$A$5:$A$29,0)) -> 27.488584
A14: Total score | B14: Σ score × weight | C14: =O11*$A$8+P11*$C$8+Q11*$E$8+R11*$G$8+S11*$I$8+T11*$K$8 | D14: RANKING!D11 | E14: =INDEX('SCORE BREAKDOWN'!$U$5:$U$29,MATCH("TARGET",'SCORE BREAKDOWN'!$A$5:$A$29,0)) -> 78.197104
A15: Grade | B15: A/B/C/D from bands | C15: =IF(D11>=85,"A",IF(D11>=75,"B",IF(D11>=65,"C","D"))) | D15: RANKING!C11 | E15: =INDEX('SCORE BREAKDOWN'!$V$5:$V$29,MATCH("TARGET",'SCORE BREAKDOWN'!$A$5:$A$29,0)) -> B
A16: Rank | B16: position by total score (ranked buyers only) | C16: =RANK(D11,$D$11:$D$23) | D16: RANKING!A11 | E16: =INDEX('SCORE BREAKDOWN'!$X$5:$X$29,MATCH("TARGET",'SCORE BREAKDOWN'!$A$5:$A$29,0)) -> 4
A17: Revenue rank · Move | B17: rank by earned $; Move = revenue rank − score rank | C17: =RANK(F11,$F$11:$F$23) · =U11-A11 | D17: RANKING!U11, V11 | E17: =INDEX('SCORE BREAKDOWN'!$Y$5:$Y$29,MATCH("TARGET",'SCORE BREAKDOWN'!$A$5:$A$29,0)) -> 4

Sheet SOURCES
A1: Sources — where every number and rule in the ranking comes from
A2: Honest note: this is Sterling's own internal scorecard from your Buyer KPI pack. It is not an external, audited or industry-published standard. The $2,500 benchmark and the $0.0843 price come from factory numbers; the efficiency, DHU, run, 10% share, weights and grade bands are management choices written in the pack's METHOD tab. Please have them signed off by management (the yellow cells can be changed and everything recalculates).
A4: Item | B4: Value used | C4: Type | D4: Source (file · tab / cell) | E4: Why (from your METHOD tab) | F4: Factory now (01 Jan 2026 - 24 Oct 2026)
A5: Raw data | B5: 9,066 line-days | C5: Factory data | D5: Revenue/Buyer wise average CM &earned report-2026 on 25-Oct-25.xlsx · sheet 2026 (daily line-day rows, data to 24 Oct 2026) | E5: Every number in the ranking is summed or averaged from this file. Nothing typed by hand. | F5: 9,066 line-days · 25 buyers · $23,247,582 earned
A6: Scoring method (6 standards, cap 100, weights, grades, trial) | B6: — | C6: Your KPI pack method | D6: Sterling_Buyer_KPI_2026.xlsx (your original Buyer KPI pack, 01 Jan–15 Aug 2026) · tabs METHOD and RANKING (formulas in RANKING!A11:V23) | E6: Rebuilt exactly as in your pack; the 01 Jan–15 Aug result was reproduced before the 28-Sep and 10-Oct refreshes (ZARA #1 A 96.6 … TARGET #4 B 80.0). | F6: same method, new data
A7: Benchmark $/line-day | B7: $2,500 | C7: Factory benchmark (management target) | D7: Sterling_Buyer_KPI_2026.xlsx (your original Buyer KPI pack, 01 Jan–15 Aug 2026) · RANKING!A6 · report header "benchmark: $2,500 earned per line per day" | E7: Answers "was that line-day worth giving away?" Heaviest weight because it already contains price, efficiency and manning. | F7: factory now $2,564/line-day · 53.3% of line-days reach it
A8: Value share standard | B8: 10% of factory earned | C8: Method choice (policy) | D8: Sterling_Buyer_KPI_2026.xlsx (your original Buyer KPI pack, 01 Jan–15 Aug 2026) · RANKING!C6 · METHOD standard 2 | E8: Scale has to count — an account earning $6m should not rank below one earning $100k on rate alone. | F8: 25 buyers → even split would be 4.0% each
A9: Price standard | B9: $0.0843 per SMV minute | C9: Factory data (blended rate) | D9: Sterling_Buyer_KPI_2026.xlsx (your original Buyer KPI pack, 01 Jan–15 Aug 2026) · RANKING!E6 · = factory CM$ ÷ SMV minutes, 01 Jan–15 Aug 2026 (0.08431) | E9: CM per minute is the only fair price comparison across garments with different SMV. | F9: factory now $0.0836 per SMV minute
A10: Efficiency standard | B10: 80% | C10: Method choice (target) | D10: Sterling_Buyer_KPI_2026.xlsx (your original Buyer KPI pack, 01 Jan–15 Aug 2026) · RANKING!G6 · METHOD standard 4 | E10: Separates a pricing problem from a floor problem. | F10: factory now 69.5%
A11: Quality standard | B11: 10% DHU (score = standard ÷ actual) | C11: Method choice (target) | D11: Sterling_Buyer_KPI_2026.xlsx (your original Buyer KPI pack, 01 Jan–15 Aug 2026) · RANKING!I6 · METHOD standard 5 | E11: Rework is capacity paid for twice; weighted below efficiency because it is partly inside efficiency. | F11: factory now 13.2% DHU
A12: Run stability standard | B12: 10 consecutive line-days per style | C12: Method choice (target) | D12: Sterling_Buyer_KPI_2026.xlsx (your original Buyer KPI pack, 01 Jan–15 Aug 2026) · RANKING!K6 · METHOD standard 6 | E12: Every changeover costs learning-curve output; smallest weight because it is often the order book, not the buyer. | F12: per buyer, see breakdown
A13: Weights | B13: 30 / 20 / 20 / 15 / 10 / 5 % | C13: Method choice (policy) | D13: Sterling_Buyer_KPI_2026.xlsx (your original Buyer KPI pack, 01 Jan–15 Aug 2026) · RANKING!A8:K8 · METHOD "The six standards" | E13: Benchmark heaviest (contains price + efficiency); value and price next; efficiency, quality, run smaller. | F13: sum = 100%
A14: Cap at 100 | B14: MIN(100, …) | C14: Method choice | D14: Sterling_Buyer_KPI_2026.xlsx (your original Buyer KPI pack, 01 Jan–15 Aug 2026) · METHOD "Why scores are capped at 100" | E14: A scorecard against a standard, not a competition — one strong number cannot hide four weak ones. | F14: —
A15: Grade bands | B15: A ≥85 · B 75–84 · C 65–74 · D <65 | C15: Method choice | D15: Sterling_Buyer_KPI_2026.xlsx (your original Buyer KPI pack, 01 Jan–15 Aug 2026) · METHOD "Grade bands" · RANKING!C11 formula | E15: — | F15: —
A16: Trial rule | B16: under 40 line-days = TRIAL (not ranked) | C16: Method choice | D16: Sterling_Buyer_KPI_2026.xlsx (your original Buyer KPI pack, 01 Jan–15 Aug 2026) · METHOD step 7 | E16: A handful of days is not evidence; small samples throw extreme numbers both ways. | F16: 8 trial buyers this period
A18: Colour of "Type"
A19: Factory data / benchmark
A20: Method choice — needs management sign-off

Sheet INPUTS
A1: Standards, weights & bands (edit the yellow cells)
A2: From the Buyer KPI METHOD tab — the same numbers the dashboard uses
A4: Measure | B4: Standard | C4: Unit | D4: Weight | E4: Score formula
A5: Benchmark (Yield) | B5: 2500 | C5: $ earned per line-day | D5: 0.3 | E5: MIN(100, Yield ÷ 2,500 × 100)
A6: Value (share of factory earned) | B6: 0.1 | C6: share | D6: 0.2 | E6: MIN(100, Share ÷ 10% × 100)
A7: Price (CM $ per SMV minute) | B7: 0.0843 | C7: $ / SMV min | D7: 0.2 | E7: MIN(100, Rate ÷ 0.0843 × 100)
A8: Efficiency | B8: 0.8 | C8: avg line efficiency | D8: 0.15 | E8: MIN(100, Eff ÷ 80% × 100)
A9: Quality (DHU) | B9: 0.1 | C9: avg DHU (lower = better) | D9: 0.1 | E9: MIN(100, 10% ÷ DHU × 100)
A10: Run stability | B10: 10 | C10: avg days a style stays on a line | D10: 0.05 | E10: MIN(100, Run ÷ 10 × 100)
A11: Total weight | D11: =SUM(D5:D10) -> 1
A13: Grade A from | B13: 85 | C13: below C = D
A14: Grade B from | B14: 75
A15: Grade C from | B15: 65
A16: Ranked if line-days ≥ | B16: 40 | C16: fewer line-days = TRIAL (not ranked)

Sheet BUYER DATA
A1: Buyer totals (from the source file)
A2: Hard numbers from Buyer wise average CM &earned report-2026 on 25-Oct-25.xlsx · 01 Jan 2026 - 24 Oct 2026 · built by the Buyer KPI model (same as dashboard)
A4: Buyer | B4: Line-days | C4: Pieces | D4: Earned $ | E4: SMV minutes | F4: Avg efficiency | G4: Avg DHU | H4: Avg run (days) | I4: Styles
A5: ZARA | B5: 2476 | C5: 3807063 | D5: 7208435.2 | E5: 82527003 | F5: 0.74475613 | G5: 0.13858873 | H5: 10.765217 | I5: 82
A6: GAP | B6: 768 | C6: 1273072 | D6: 2402256.4 | E6: 24264062 | F6: 0.73952039 | G6: 0.12976861 | H6: 5.2244898 | I6: 50
A7: OJG | B7: 2591 | C7: 4110719.5 | D7: 6274253.6 | E7: 78740230 | F7: 0.70015795 | G7: 0.12375073 | H7: 9.889313 | I7: 71
A8: TARGET | B8: 602 | C8: 805583 | D8: 1323568.2 | E8: 17464033 | F8: 0.66759933 | G8: 0.11689821 | H8: 2.7488584 | I8: 96
A9: EXPRESS | B9: 264 | C9: 336685 | D9: 826217.5 | E9: 7138793.6 | F9: 0.64642968 | G9: 0.14157896 | H9: 2.2956522 | I9: 58
A10: AERO | B10: 156 | C10: 278999 | D10: 402484.6 | E10: 4224159 | F10: 0.63740575 | G10: 0.1241635 | H10: 7.8 | I10: 8
A11: SOLAMODA | B11: 364 | C11: 529040 | D11: 812356.4 | E11: 12061646 | F11: 0.7055322 | G11: 0.13110652 | H11: 11.741935 | I11: 18
A12: IMPLUSE | B12: 180 | C12: 252030 | D12: 412264 | E12: 5072364.7 | F12: 0.62849872 | G12: 0.10862133 | H12: 8.5714286 | I12: 10
A13: NOBLE | B13: 252 | C13: 240943 | D13: 677870.64 | E13: 5745850.5 | F13: 0.54826245 | G13: 0.17534357 | H13: 6 | I13: 24
A14: KMART | B14: 297 | C14: 620930 | D14: 657053 | E14: 9259137 | F14: 0.68177317 | G14: 0.12800679 | H14: 14.85 | I14: 4
A15: NEW YORKER | B15: 113 | C15: 172955 | D15: 258144.2 | E15: 3581077.4 | F15: 0.68071529 | G15: 0.12104228 | H15: 14.125 | I15: 4
A16: NEXT | B16: 292 | C16: 452302 | D16: 621864.6 | E16: 7662752.9 | F16: 0.6123875 | G16: 0.14084924 | H16: 4.4923077 | I16: 56
... A29: SSL | B29: 4 | C29: 4780 | D29: 0 | E29: 90891.3 | F29: 0.4209 | G29: 0.122425 | H29: 1 | I29: 1
A30: FACTORY TOTAL | B30: =SUM(B5:B29) -> 9066 | C30: =SUM(C5:C29) -> 13850314 | D30: =SUM(D5:D29) -> 23247582 | E30: =SUM(E5:E29) -> 2.7803493e+08
A32: Note: efficiency, DHU and run are averages over each buyer's line-days (run = consecutive days the same style held one line). Numbers are not typed by hand — they come from the daily line report.

Sheet SCORE BREAKDOWN
A1: Score breakdown per buyer — every step as a formula
A2: Measures → 0–100 scores → × weight → total → grade → rank. Sorted by total score (ranked buyers first).
C3: ① Measures (actual) | I3: ② Scores 0–100 = MIN(100, actual ÷ standard × 100) | O3: ③ Points = score × weight | U3: ④ Result
A4: Buyer | B4: Line-days | C4: Yield $/line-day | D4: Value share | E4: Price $/SMV min | F4: Efficiency | G4: DHU | H4: Run days | I4: Benchmark score | J4: Value score | K4: Price score | L4: Efficiency score | M4: Quality score | N4: Run score | O4: Benchmark pts (×30%) | P4: Value pts (×20%) | Q4: Price pts (×20%) | R4: Efficiency pts (×15%) | S4: Quality pts (×10%) | T4: Run pts (×5%) | U4: TOTAL SCORE | V4: Grade | W4: Tier | X4: Score rank | Y4: Revenue rank | Z4: Move | AA4: Earned $
A5: ='BUYER DATA'!A5 -> ZARA | B5: ='BUYER DATA'!B5 -> 2476 | C5: ='BUYER DATA'!D5/'BUYER DATA'!B5 -> 2911.3228 | D5: ='BUYER DATA'!D5/'BUYER DATA'!$D$30 -> 0.31007247 | E5: ='BUYER DATA'!D5/'BUYER DATA'!E5 -> 0.087346383 | F5: ='BUYER DATA'!F5 -> 0.74475613 | G5: ='BUYER DATA'!G5 -> 0.13858873 | H5: ='BUYER DATA'!H5 -> 10.765217 | I5: =MIN(100,C5/INPUTS!$B$5*100) -> 100 | J5: =MIN(100,D5/INPUTS!$B$6*100) -> 100 | K5: =MIN(100,E5/INPUTS!$B$7*100) -> 100 | L5: =MIN(100,F5/INPUTS!$B$8*100) -> 93.094516 | M5: =IF(G5>0,MIN(100,INPUTS!$B$9/G5*100),100) -> 72.15594 | N5: =MIN(100,H5/INPUTS!$B$10*100) -> 100 | O5: =I5*INPUTS!$D$5 -> 30 | P5: =J5*INPUTS!$D$6 -> 20 | Q5: =K5*INPUTS!$D$7 -> 20 | R5: =L5*INPUTS!$D$8 -> 13.964177 | S5: =M5*INPUTS!$D$9 -> 7.215594 | T5: =N5*INPUTS!$D$10 -> 5 | U5: =SUM(O5:T5) -> 96.179771 | V5: =IF(U5>=INPUTS!$B$13,"A",IF(U5>=INPUTS!$B$14,"B",IF(U5>=INPUTS!$B$15,"C","D"))) -> A | W5: =IF(B5>=INPUTS!$B$16,"RANKED","TRIAL") -> RANKED | X5: =IF(W5="RANKED",COUNTIFS($W$5:$W$29,"RANKED",$U$5:$U$29,">"&U5)+1,"—") -> 1 | Y5: =IF(W5="RANKED",COUNTIFS($W$5:$W$29,"RANKED",$AA$5:$AA$29,">"&AA5)+1,"—") -> 1 | Z5: =IF(W5="RANKED",Y5-X5,"—") -> 0 | AA5: ='BUYER DATA'!D5 -> 7208435.2
A6: ='BUYER DATA'!A6 -> GAP | B6: ='BUYER DATA'!B6 -> 768 | C6: ='BUYER DATA'!D6/'BUYER DATA'!B6 -> 3127.938 | D6: ='BUYER DATA'!D6/'BUYER DATA'!$D$30 -> 0.1033336 | E6: ='BUYER DATA'!D6/'BUYER DATA'!E6 -> 0.099004708 | F6: ='BUYER DATA'!F6 -> 0.73952039 | G6: ='BUYER DATA'!G6 -> 0.12976861 | H6: ='BUYER DATA'!H6 -> 5.2244898 | I6: =MIN(100,C6/INPUTS!$B$5*100) -> 100 | J6: =MIN(100,D6/INPUTS!$B$6*100) -> 100 | K6: =MIN(100,E6/INPUTS!$B$7*100) -> 100 | L6: =MIN(100,F6/INPUTS!$B$8*100) -> 92.440049 | M6: =IF(G6>0,MIN(100,INPUTS!$B$9/G6*100),100) -> 77.060236 | N6: =MIN(100,H6/INPUTS!$B$10*100) -> 52.244898 | O6: =I6*INPUTS!$D$5 -> 30 | P6: =J6*INPUTS!$D$6 -> 20 | Q6: =K6*INPUTS!$D$7 -> 20 | R6: =L6*INPUTS!$D$8 -> 13.866007 | S6: =M6*INPUTS!$D$9 -> 7.7060236 | T6: =N6*INPUTS!$D$10 -> 2.6122449 | U6: =SUM(O6:T6) -> 94.184276 | V6: =IF(U6>=INPUTS!$B$13,"A",IF(U6>=INPUTS!$B$14,"B",IF(U6>=INPUTS!$B$15,"C","D"))) -> A | W6: =IF(B6>=INPUTS!$B$16,"RANKED","TRIAL") -> RANKED | X6: =IF(W6="RANKED",COUNTIFS($W$5:$W$29,"RANKED",$U$5:$U$29,">"&U6)+1,"—") -> 2 | Y6: =IF(W6="RANKED",COUNTIFS($W$5:$W$29,"RANKED",$AA$5:$AA$29,">"&AA6)+1,"—") -> 3 | Z6: =IF(W6="RANKED",Y6-X6,"—") -> 1 | AA6: ='BUYER DATA'!D6 -> 2402256.4
A7: ='BUYER DATA'!A7 -> OJG | B7: ='BUYER DATA'!B7 -> 2591 | C7: ='BUYER DATA'!D7/'BUYER DATA'!B7 -> 2421.5568 | D7: ='BUYER DATA'!D7/'BUYER DATA'!$D$30 -> 0.26988844 | E7: ='BUYER DATA'!D7/'BUYER DATA'!E7 -> 0.079682947 | F7: ='BUYER DATA'!F7 -> 0.70015795 | G7: ='BUYER DATA'!G7 -> 0.12375073 | H7: ='BUYER DATA'!H7 -> 9.889313 | I7: =MIN(100,C7/INPUTS!$B$5*100) -> 96.862271 | J7: =MIN(100,D7/INPUTS!$B$6*100) -> 100 | K7: =MIN(100,E7/INPUTS!$B$7*100) -> 94.523069 | L7: =MIN(100,F7/INPUTS!$B$8*100) -> 87.519744 | M7: =IF(G7>0,MIN(100,INPUTS!$B$9/G7*100),100) -> 80.807607 | N7: =MIN(100,H7/INPUTS!$B$10*100) -> 98.89313 | O7: =I7*INPUTS!$D$5 -> 29.058681 | P7: =J7*INPUTS!$D$6 -> 20 | Q7: =K7*INPUTS!$D$7 -> 18.904614 | R7: =L7*INPUTS!$D$8 -> 13.127962 | S7: =M7*INPUTS!$D$9 -> 8.0807607 | T7: =N7*INPUTS!$D$10 -> 4.9446565 | U7: =SUM(O7:T7) -> 94.116674 | V7: =IF(U7>=INPUTS!$B$13,"A",IF(U7>=INPUTS!$B$14,"B",IF(U7>=INPUTS!$B$15,"C","D"))) -> A | W7: =IF(B7>=INPUTS!$B$16,"RANKED","TRIAL") -> RANKED | X7: =IF(W7="RANKED",COUNTIFS($W$5:$W$29,"RANKED",$U$5:$U$29,">"&U7)+1,"—") -> 3 | Y7: =IF(W7="RANKED",COUNTIFS($W$5:$W$29,"RANKED",$AA$5:$AA$29,">"&AA7)+1,"—") -> 2 | Z7: =IF(W7="RANKED",Y7-X7,"—") -> -1 | AA7: ='BUYER DATA'!D7 -> 6274253.6
A8: ='BUYER DATA'!A8 -> TARGET | B8: ='BUYER DATA'!B8 -> 602 | C8: ='BUYER DATA'!D8/'BUYER DATA'!B8 -> 2198.6183 | D8: ='BUYER DATA'!D8/'BUYER DATA'!$D$30 -> 0.056933585 | E8: ='BUYER DATA'!D8/'BUYER DATA'!E8 -> 0.075788232 | F8: ='BUYER DATA'!F8 -> 0.66759933 | G8: ='BUYER DATA'!G8 -> 0.11689821 | H8: ='BUYER DATA'!H8 -> 2.7488584 | I8: =MIN(100,C8/INPUTS!$B$5*100) -> 87.944731 | J8: =MIN(100,D8/INPUTS!$B$6*100) -> 56.933585 | K8: =MIN(100,E8/INPUTS!$B$7*100) -> 89.903004 | L8: =MIN(100,F8/INPUTS!$B$8*100) -> 83.449917 | M8: =IF(G8>0,MIN(100,INPUTS!$B$9/G8*100),100) -> 85.544506 | N8: =MIN(100,H8/INPUTS!$B$10*100) -> 27.488584 | O8: =I8*INPUTS!$D$5 -> 26.383419 | P8: =J8*INPUTS!$D$6 -> 11.386717 | Q8: =K8*INPUTS!$D$7 -> 17.980601 | R8: =L8*INPUTS!$D$8 -> 12.517487 | S8: =M8*INPUTS!$D$9 -> 8.5544506 | T8: =N8*INPUTS!$D$10 -> 1.3744292 | U8: =SUM(O8:T8) -> 78.197104 | V8: =IF(U8>=INPUTS!$B$13,"A",IF(U8>=INPUTS!$B$14,"B",IF(U8>=INPUTS!$B$15,"C","D"))) -> B | W8: =IF(B8>=INPUTS!$B$16,"RANKED","TRIAL") -> RANKED | X8: =IF(W8="RANKED",COUNTIFS($W$5:$W$29,"RANKED",$U$5:$U$29,">"&U8)+1,"—") -> 4 | Y8: =IF(W8="RANKED",COUNTIFS($W$5:$W$29,"RANKED",$AA$5:$AA$29,">"&AA8)+1,"—") -> 4 | Z8: =IF(W8="RANKED",Y8-X8,"—") -> 0 | AA8: ='BUYER DATA'!D8 -> 1323568.2
A9: ='BUYER DATA'!A9 -> EXPRESS | B9: ='BUYER DATA'!B9 -> 264 | C9: ='BUYER DATA'!D9/'BUYER DATA'!B9 -> 3129.6117 | D9: ='BUYER DATA'!D9/'BUYER DATA'!$D$30 -> 0.035539932 | E9: ='BUYER DATA'!D9/'BUYER DATA'!E9 -> 0.11573629 | F9: ='BUYER DATA'!F9 -> 0.64642968 | G9: ='BUYER DATA'!G9 -> 0.14157896 | H9: ='BUYER DATA'!H9 -> 2.2956522 | I9: =MIN(100,C9/INPUTS!$B$5*100) -> 100 | J9: =MIN(100,D9/INPUTS!$B$6*100) -> 35.539932 | K9: =MIN(100,E9/INPUTS!$B$7*100) -> 100 | L9: =MIN(100,F9/INPUTS!$B$8*100) -> 80.80371 | M9: =IF(G9>0,MIN(100,INPUTS!$B$9/G9*100),100) -> 70.631963 | N9: =MIN(100,H9/INPUTS!$B$10*100) -> 22.956522 | O9: =I9*INPUTS!$D$5 -> 30 | P9: =J9*INPUTS!$D$6 -> 7.1079865 | Q9: =K9*INPUTS!$D$7 -> 20 | R9: =L9*INPUTS!$D$8 -> 12.120557 | S9: =M9*INPUTS!$D$9 -> 7.0631963 | T9: =N9*INPUTS!$D$10 -> 1.1478261 | U9: =SUM(O9:T9) -> 77.439565 | V9: =IF(U9>=INPUTS!$B$13,"A",IF(U9>=INPUTS!$B$14,"B",IF(U9>=INPUTS!$B$15,"C","D"))) -> B | W9: =IF(B9>=INPUTS!$B$16,"RANKED","TRIAL") -> RANKED | X9: =IF(W9="RANKED",COUNTIFS($W$5:$W$29,"RANKED",$U$5:$U$29,">"&U9)+1,"—") -> 5 | Y9: =IF(W9="RANKED",COUNTIFS($W$5:$W$29,"RANKED",$AA$5:$AA$29,">"&AA9)+1,"—") -> 5 | Z9: =IF(W9="RANKED",Y9-X9,"—") -> 0 | AA9: ='BUYER DATA'!D9 -> 826217.5
A10: ='BUYER DATA'!A10 -> AERO | B10: ='BUYER DATA'!B10 -> 156 | C10: ='BUYER DATA'!D10/'BUYER DATA'!B10 -> 2580.0295 | D10: ='BUYER DATA'!D10/'BUYER DATA'!$D$30 -> 0.017312966 | E10: ='BUYER DATA'!D10/'BUYER DATA'!E10 -> 0.095281593 | F10: ='BUYER DATA'!F10 -> 0.63740575 | G10: ='BUYER DATA'!G10 -> 0.1241635 | H10: ='BUYER DATA'!H10 -> 7.8 | I10: =MIN(100,C10/INPUTS!$B$5*100) -> 100 | J10: =MIN(100,D10/INPUTS!$B$6*100) -> 17.312966 | K10: =MIN(100,E10/INPUTS!$B$7*100) -> 100 | L10: =MIN(100,F10/INPUTS!$B$8*100) -> 79.675718 | M10: =IF(G10>0,MIN(100,INPUTS!$B$9/G10*100),100) -> 80.538965 | N10: =MIN(100,H10/INPUTS!$B$10*100) -> 78 | O10: =I10*INPUTS!$D$5 -> 30 | P10: =J10*INPUTS!$D$6 -> 3.4625932 | Q10: =K10*INPUTS!$D$7 -> 20 | R10: =L10*INPUTS!$D$8 -> 11.951358 | S10: =M10*INPUTS!$D$9 -> 8.0538965 | T10: =N10*INPUTS!$D$10 -> 3.9 | U10: =SUM(O10:T10) -> 77.367847 | V10: =IF(U10>=INPUTS!$B$13,"A",IF(U10>=INPUTS!$B$14,"B",IF(U10>=INPUTS!$B$15,"C","D"))) -> B | W10: =IF(B10>=INPUTS!$B$16,"RANKED","TRIAL") -> RANKED | X10: =IF(W10="RANKED",COUNTIFS($W$5:$W$29,"RANKED",$U$5:$U$29,">"&U10)+1,"—") -> 6 | Y10: =IF(W10="RANKED",COUNTIFS($W$5:$W$29,"RANKED",$AA$5:$AA$29,">"&AA10)+1,"—") -> 12 | Z10: =IF(W10="RANKED",Y10-X10,"—") -> 6 | AA10: ='BUYER DATA'!D10 -> 402484.6
A11: ='BUYER DATA'!A11 -> SOLAMODA | B11: ='BUYER DATA'!B11 -> 364 | C11: ='BUYER DATA'!D11/'BUYER DATA'!B11 -> 2231.7484 | D11: ='BUYER DATA'!D11/'BUYER DATA'!$D$30 -> 0.034943694 | E11: ='BUYER DATA'!D11/'BUYER DATA'!E11 -> 0.067350377 | F11: ='BUYER DATA'!F11 -> 0.7055322 | G11: ='BUYER DATA'!G11 -> 0.13110652 | H11: ='BUYER DATA'!H11 -> 11.741935 | I11: =MIN(100,C11/INPUTS!$B$5*100) -> 89.269934 | J11: =MIN(100,D11/INPUTS!$B$6*100) -> 34.943694 | K11: =MIN(100,E11/INPUTS!$B$7*100) -> 79.893685 | L11: =MIN(100,F11/INPUTS!$B$8*100) -> 88.191525 | M11: =IF(G11>0,MIN(100,INPUTS!$B$9/G11*100),100) -> 76.273856 | N11: =MIN(100,H11/INPUTS!$B$10*100) -> 100 | O11: =I11*INPUTS!$D$5 -> 26.78098 | P11: =J11*INPUTS!$D$6 -> 6.9887388 | Q11: =K11*INPUTS!$D$7 -> 15.978737 | R11: =L11*INPUTS!$D$8 -> 13.228729 | S11: =M11*INPUTS!$D$9 -> 7.6273856 | T11: =N11*INPUTS!$D$10 -> 5 | U11: =SUM(O11:T11) -> 75.60457 | V11: =IF(U11>=INPUTS!$B$13,"A",IF(U11>=INPUTS!$B$14,"B",IF(U11>=INPUTS!$B$15,"C","D"))) -> B | W11: =IF(B11>=INPUTS!$B$16,"RANKED","TRIAL") -> RANKED | X11: =IF(W11="RANKED",COUNTIFS($W$5:$W$29,"RANKED",$U$5:$U$29,">"&U11)+1,"—") -> 7 | Y11: =IF(W11="RANKED",COUNTIFS($W$5:$W$29,"RANKED",$AA$5:$AA$29,">"&AA11)+1,"—") -> 6 | Z11: =IF(W11="RANKED",Y11-X11,"—") -> -1 | AA11: ='BUYER DATA'!D11 -> 812356.4
A12: ='BUYER DATA'!A12 -> IMPLUSE | B12: ='BUYER DATA'!B12 -> 180 | C12: ='BUYER DATA'!D12/'BUYER DATA'!B12 -> 2290.3556 | D12: ='BUYER DATA'!D12/'BUYER DATA'!$D$30 -> 0.017733629 | E12: ='BUYER DATA'!D12/'BUYER DATA'!E12 -> 0.08127649 | F12: ='BUYER DATA'!F12 -> 0.62849872 | G12: ='BUYER DATA'!G12 -> 0.10862133 | H12: ='BUYER DATA'!H12 -> 8.5714286 | I12: =MIN(100,C12/INPUTS!$B$5*100) -> 91.614222 | J12: =MIN(100,D12/INPUTS!$B$6*100) -> 17.733629 | K12: =MIN(100,E12/INPUTS!$B$7*100) -> 96.413393 | L12: =MIN(100,F12/INPUTS!$B$8*100) -> 78.562341 | M12: =IF(G12>0,MIN(100,INPUTS!$B$9/G12*100),100) -> 92.062946 | N12: =MIN(100,H12/INPUTS!$B$10*100) -> 85.714286 | O12: =I12*INPUTS!$D$5 -> 27.484267 | P12: =J12*INPUTS!$D$6 -> 3.5467258 | Q12: =K12*INPUTS!$D$7 -> 19.282679 | R12: =L12*INPUTS!$D$8 -> 11.784351 | S12: =M12*INPUTS!$D$9 -> 9.2062946 | T12: =N12*INPUTS!$D$10 -> 4.2857143 | U12: =SUM(O12:T12) -> 75.590031 | V12: =IF(U12>=INPUTS!$B$13,"A",IF(U12>=INPUTS!$B$14,"B",IF(U12>=INPUTS!$B$15,"C","D"))) -> B | W12: =IF(B12>=INPUTS!$B$16,"RANKED","TRIAL") -> RANKED | X12: =IF(W12="RANKED",COUNTIFS($W$5:$W$29,"RANKED",$U$5:$U$29,">"&U12)+1,"—") -> 8 | Y12: =IF(W12="RANKED",COUNTIFS($W$5:$W$29,"RANKED",$AA$5:$AA$29,">"&AA12)+1,"—") -> 11 | Z12: =IF(W12="RANKED",Y12-X12,"—") -> 3 | AA12: ='BUYER DATA'!D12 -> 412264
A13: ='BUYER DATA'!A13 -> NOBLE | B13: ='BUYER DATA'!B13 -> 252 | C13: ='BUYER DATA'!D13/'BUYER DATA'!B13 -> 2689.9629 | D13: ='BUYER DATA'!D13/'BUYER DATA'!$D$30 -> 0.029158759 | E13: ='BUYER DATA'!D13/'BUYER DATA'!E13 -> 0.11797568 | F13: ='BUYER DATA'!F13 -> 0.54826245 | G13: ='BUYER DATA'!G13 -> 0.17534357 | H13: ='BUYER DATA'!H13 -> 6 | I13: =MIN(100,C13/INPUTS!$B$5*100) -> 100 | J13: =MIN(100,D13/INPUTS!$B$6*100) -> 29.158759 | K13: =MIN(100,E13/INPUTS!$B$7*100) -> 100 | L13: =MIN(100,F13/INPUTS!$B$8*100) -> 68.532806 | M13: =IF(G13>0,MIN(100,INPUTS!$B$9/G13*100),100) -> 57.03089 | N13: =MIN(100,H13/INPUTS!$B$10*100) -> 60 | O13: =I13*INPUTS!$D$5 -> 30 | P13: =J13*INPUTS!$D$6 -> 5.8317517 | Q13: =K13*INPUTS!$D$7 -> 20 | R13: =L13*INPUTS!$D$8 -> 10.279921 | S13: =M13*INPUTS!$D$9 -> 5.703089 | T13: =N13*INPUTS!$D$10 -> 3 | U13: =SUM(O13:T13) -> 74.814762 | V13: =IF(U13>=INPUTS!$B$13,"A",IF(U13>=INPUTS!$B$14,"B",IF(U13>=INPUTS!$B$15,"C","D"))) -> C | W13: =IF(B13>=INPUTS!$B$16,"RANKED","TRIAL") -> RANKED | X13: =IF(W13="RANKED",COUNTIFS($W$5:$W$29,"RANKED",$U$5:$U$29,">"&U13)+1,"—") -> 9 | Y13: =IF(W13="RANKED",COUNTIFS($W$5:$W$29,"RANKED",$AA$5:$AA$29,">"&AA13)+1,"—") -> 7 | Z13: =IF(W13="RANKED",Y13-X13,"—") -> -2 | AA13: ='BUYER DATA'!D13 -> 677870.64
A14: ='BUYER DATA'!A14 -> KMART | B14: ='BUYER DATA'!B14 -> 297 | C14: ='BUYER DATA'!D14/'BUYER DATA'!B14 -> 2212.2997 | D14: ='BUYER DATA'!D14/'BUYER DATA'!$D$30 -> 0.028263283 | E14: ='BUYER DATA'!D14/'BUYER DATA'!E14 -> 0.070962661 | F14: ='BUYER DATA'!F14 -> 0.68177317 | G14: ='BUYER DATA'!G14 -> 0.12800679 | H14: ='BUYER DATA'!H14 -> 14.85 | I14: =MIN(100,C14/INPUTS!$B$5*100) -> 88.491987 | J14: =MIN(100,D14/INPUTS!$B$6*100) -> 28.263283 | K14: =MIN(100,E14/INPUTS!$B$7*100) -> 84.17872 | L14: =MIN(100,F14/INPUTS!$B$8*100) -> 85.221647 | M14: =IF(G14>0,MIN(100,INPUTS!$B$9/G14*100),100) -> 78.120858 | N14: =MIN(100,H14/INPUTS!$B$10*100) -> 100 | O14: =I14*INPUTS!$D$5 -> 26.547596 | P14: =J14*INPUTS!$D$6 -> 5.6526566 | Q14: =K14*INPUTS!$D$7 -> 16.835744 | R14: =L14*INPUTS!$D$8 -> 12.783247 | S14: =M14*INPUTS!$D$9 -> 7.8120858 | T14: =N14*INPUTS!$D$10 -> 5 | U14: =SUM(O14:T14) -> 74.631329 | V14: =IF(U14>=INPUTS!$B$13,"A",IF(U14>=INPUTS!$B$14,"B",IF(U14>=INPUTS!$B$15,"C","D"))) -> C | W14: =IF(B14>=INPUTS!$B$16,"RANKED","TRIAL") -> RANKED | X14: =IF(W14="RANKED",COUNTIFS($W$5:$W$29,"RANKED",$U$5:$U$29,">"&U14)+1,"—") -> 10 | Y14: =IF(W14="RANKED",COUNTIFS($W$5:$W$29,"RANKED",$AA$5:$AA$29,">"&AA14)+1,"—") -> 8 | Z14: =IF(W14="RANKED",Y14-X14,"—") -> -2 | AA14: ='BUYER DATA'!D14 -> 657053
A15: ='BUYER DATA'!A15 -> NEW YORKER | B15: ='BUYER DATA'!B15 -> 113 | C15: ='BUYER DATA'!D15/'BUYER DATA'!B15 -> 2284.4619 | D15: ='BUYER DATA'!D15/'BUYER DATA'!$D$30 -> 0.011104131 | E15: ='BUYER DATA'!D15/'BUYER DATA'!E15 -> 0.072085624 | F15: ='BUYER DATA'!F15 -> 0.68071529 | G15: ='BUYER DATA'!G15 -> 0.12104228 | H15: ='BUYER DATA'!H15 -> 14.125 | I15: =MIN(100,C15/INPUTS!$B$5*100) -> 91.378478 | J15: =MIN(100,D15/INPUTS!$B$6*100) -> 11.104131 | K15: =MIN(100,E15/INPUTS!$B$7*100) -> 85.510824 | L15: =MIN(100,F15/INPUTS!$B$8*100) -> 85.089411 | M15: =IF(G15>0,MIN(100,INPUTS!$B$9/G15*100),100) -> 82.615763 | N15: =MIN(100,H15/INPUTS!$B$10*100) -> 100 | O15: =I15*INPUTS!$D$5 -> 27.413543 | P15: =J15*INPUTS!$D$6 -> 2.2208262 | Q15: =K15*INPUTS!$D$7 -> 17.102165 | R15: =L15*INPUTS!$D$8 -> 12.763412 | S15: =M15*INPUTS!$D$9 -> 8.2615763 | T15: =N15*INPUTS!$D$10 -> 5 | U15: =SUM(O15:T15) -> 72.761522 | V15: =IF(U15>=INPUTS!$B$13,"A",IF(U15>=INPUTS!$B$14,"B",IF(U15>=INPUTS!$B$15,"C","D"))) -> C | W15: =IF(B15>=INPUTS!$B$16,"RANKED","TRIAL") -> RANKED | X15: =IF(W15="RANKED",COUNTIFS($W$5:$W$29,"RANKED",$U$5:$U$29,">"&U15)+1,"—") -> 11 | Y15: =IF(W15="RANKED",COUNTIFS($W$5:$W$29,"RANKED",$AA$5:$AA$29,">"&AA15)+1,"—") -> 14 | Z15: =IF(W15="RANKED",Y15-X15,"—") -> 3 | AA15: ='BUYER DATA'!D15 -> 258144.2
A16: ='BUYER DATA'!A16 -> NEXT | B16: ='BUYER DATA'!B16 -> 292 | C16: ='BUYER DATA'!D16/'BUYER DATA'!B16 -> 2129.6733 | D16: ='BUYER DATA'!D16/'BUYER DATA'!$D$30 -> 0.026749646 | E16: ='BUYER DATA'!D16/'BUYER DATA'!E16 -> 0.081154202 | F16: ='BUYER DATA'!F16 -> 0.6123875 | G16: ='BUYER DATA'!G16 -> 0.14084924 | H16: ='BUYER DATA'!H16 -> 4.4923077 | I16: =MIN(100,C16/INPUTS!$B$5*100) -> 85.186932 | J16: =MIN(100,D16/INPUTS!$B$6*100) -> 26.749646 | K16: =MIN(100,E16/INPUTS!$B$7*100) -> 96.26833 | L16: =MIN(100,F16/INPUTS!$B$8*100) -> 76.548438 | M16: =IF(G16>0,MIN(100,INPUTS!$B$9/G16*100),100) -> 70.997897 | N16: =MIN(100,H16/INPUTS!$B$10*100) -> 44.923077 | O16: =I16*INPUTS!$D$5 -> 25.556079 | P16: =J16*INPUTS!$D$6 -> 5.3499292 | Q16: =K16*INPUTS!$D$7 -> 19.253666 | R16: =L16*INPUTS!$D$8 -> 11.482266 | S16: =M16*INPUTS!$D$9 -> 7.0997897 | T16: =N16*INPUTS!$D$10 -> 2.2461538 | U16: =SUM(O16:T16) -> 70.987884 | V16: =IF(U16>=INPUTS!$B$13,"A",IF(U16>=INPUTS!$B$14,"B",IF(U16>=INPUTS!$B$15,"C","D"))) -> C | W16: =IF(B16>=INPUTS!$B$16,"RANKED","TRIAL") -> RANKED | X16: =IF(W16="RANKED",COUNTIFS($W$5:$W$29,"RANKED",$U$5:$U$29,">"&U16)+1,"—") -> 12 | Y16: =IF(W16="RANKED",COUNTIFS($W$5:$W$29,"RANKED",$AA$5:$AA$29,">"&AA16)+1,"—") -> 9 | Z16: =IF(W16="RANKED",Y16-X16,"—") -> -3 | AA16: ='BUYER DATA'!D16 -> 621864.6
... A29: ='BUYER DATA'!A29 -> SSL | B29: ='BUYER DATA'!B29 -> 4 | C29: ='BUYER DATA'!D29/'BUYER DATA'!B29 -> 0 | D29: ='BUYER DATA'!D29/'BUYER DATA'!$D$30 -> 0 | E29: ='BUYER DATA'!D29/'BUYER DATA'!E29 -> 0 | F29: ='BUYER DATA'!F29 -> 0.4209 | G29: ='BUYER DATA'!G29 -> 0.122425 | H29: ='BUYER DATA'!H29 -> 1 | I29: =MIN(100,C29/INPUTS!$B$5*100) -> 0 | J29: =MIN(100,D29/INPUTS!$B$6*100) -> 0 | K29: =MIN(100,E29/INPUTS!$B$7*100) -> 0 | L29: =MIN(100,F29/INPUTS!$B$8*100) -> 52.6125 | M29: =IF(G29>0,MIN(100,INPUTS!$B$9/G29*100),100) -> 81.682663 | N29: =MIN(100,H29/INPUTS!$B$10*100) -> 10 | O29: =I29*INPUTS!$D$5 -> 0 | P29: =J29*INPUTS!$D$6 -> 0 | Q29: =K29*INPUTS!$D$7 -> 0 | R29: =L29*INPUTS!$D$8 -> 7.891875 | S29: =M29*INPUTS!$D$9 -> 8.1682663 | T29: =N29*INPUTS!$D$10 -> 0.5 | U29: =SUM(O29:T29) -> 16.560141 | V29: =IF(U29>=INPUTS!$B$13,"A",IF(U29>=INPUTS!$B$14,"B",IF(U29>=INPUTS!$B$15,"C","D"))) -> D | W29: =IF(B29>=INPUTS!$B$16,"RANKED","TRIAL") -> TRIAL | X29: =IF(W29="RANKED",COUNTIFS($W$5:$W$29,"RANKED",$U$5:$U$29,">"&U29)+1,"—") -> — | Y29: =IF(W29="RANKED",COUNTIFS($W$5:$W$29,"RANKED",$AA$5:$AA$29,">"&AA29)+1,"—") -> — | Z29: =IF(W29="RANKED",Y29-X29,"—") -> — | AA29: ='BUYER DATA'!D29 -> 0
A31: Check: TOTAL SCORE column matches the dashboard/Excel KPI pack (built by the same model). Change INPUTS to test other standards or weights.

Sheet WORKED EXAMPLE
A1: Worked example — pick a buyer in the yellow cell
A2: Every number is looked up from SCORE BREAKDOWN; the formula column shows how it is built
A4: Buyer | B4: TARGET | C4: row → | D4: =MATCH(B4,'SCORE BREAKDOWN'!$A$5:$A$29,0) -> 4
A6: Measure | B6: Actual | C6: Standard | D6: Score (0–100) | E6: Weight | F6: Points
A7: Benchmark · Yield $/line-day | B7: =INDEX('SCORE BREAKDOWN'!$C$5:$C$29,$D$4) -> 2198.6183 | C7: =INPUTS!B5 -> 2500 | D7: =INDEX('SCORE BREAKDOWN'!$I$5:$I$29,$D$4) -> 87.944731 | E7: =INPUTS!D5 -> 0.3 | F7: =INDEX('SCORE BREAKDOWN'!$O$5:$O$29,$D$4) -> 26.383419
A8: Value · share of factory earned | B8: =INDEX('SCORE BREAKDOWN'!$D$5:$D$29,$D$4) -> 0.056933585 | C8: =INPUTS!B6 -> 0.1 | D8: =INDEX('SCORE BREAKDOWN'!$J$5:$J$29,$D$4) -> 56.933585 | E8: =INPUTS!D6 -> 0.2 | F8: =INDEX('SCORE BREAKDOWN'!$P$5:$P$29,$D$4) -> 11.386717
A9: Price · CM $ per SMV minute | B9: =INDEX('SCORE BREAKDOWN'!$E$5:$E$29,$D$4) -> 0.075788232 | C9: =INPUTS!B7 -> 0.0843 | D9: =INDEX('SCORE BREAKDOWN'!$K$5:$K$29,$D$4) -> 89.903004 | E9: =INPUTS!D7 -> 0.2 | F9: =INDEX('SCORE BREAKDOWN'!$Q$5:$Q$29,$D$4) -> 17.980601
A10: Efficiency | B10: =INDEX('SCORE BREAKDOWN'!$F$5:$F$29,$D$4) -> 0.66759933 | C10: =INPUTS!B8 -> 0.8 | D10: =INDEX('SCORE BREAKDOWN'!$L$5:$L$29,$D$4) -> 83.449917 | E10: =INPUTS!D8 -> 0.15 | F10: =INDEX('SCORE BREAKDOWN'!$R$5:$R$29,$D$4) -> 12.517487
A11: Quality · DHU (lower is better) | B11: =INDEX('SCORE BREAKDOWN'!$G$5:$G$29,$D$4) -> 0.11689821 | C11: =INPUTS!B9 -> 0.1 | D11: =INDEX('SCORE BREAKDOWN'!$M$5:$M$29,$D$4) -> 85.544506 | E11: =INPUTS!D9 -> 0.1 | F11: =INDEX('SCORE BREAKDOWN'!$S$5:$S$29,$D$4) -> 8.5544506
A12: Run stability · days | B12: =INDEX('SCORE BREAKDOWN'!$H$5:$H$29,$D$4) -> 2.7488584 | C12: =INPUTS!B10 -> 10 | D12: =INDEX('SCORE BREAKDOWN'!$N$5:$N$29,$D$4) -> 27.488584 | E12: =INPUTS!D10 -> 0.05 | F12: =INDEX('SCORE BREAKDOWN'!$T$5:$T$29,$D$4) -> 1.3744292
A13: TOTAL SCORE | F13: =SUM(F7:F12) -> 78.197104
A14: Grade | F14: =INDEX('SCORE BREAKDOWN'!$V$5:$V$29,$D$4) -> B
A15: Score rank | F15: =INDEX('SCORE BREAKDOWN'!$X$5:$X$29,$D$4) -> 4
A16: Revenue rank | F16: =INDEX('SCORE BREAKDOWN'!$Y$5:$Y$29,$D$4) -> 4
A17: Tier | F17: =INDEX('SCORE BREAKDOWN'!$W$5:$W$29,$D$4) -> RANKED
A19: Read it like this
A20: =B4&": yield "&TEXT(B7,"$#,##0")&" vs "&TEXT(C7,"$#,##0")&" → "&TEXT(D7,"0.0")&" pts of 100 × 30% = "&TEXT(F7,"0.0")&". Total "&TEXT(F13,"0.0")&" → grade "&F14&", rank "&F15&"." -> TARGET: yield $2,199 vs $2,500 → 87.9 pts of 100 × 30% = 26.4. Total 78.2 → grade B, rank 4.
